parameter,multiplier,seed,lambda_balance,lambda_obstacle,lambda_missing_point,lambda_tree_incomplete,partition_battery_power,primary_cost,total_cost,total_distance,theoretical_coverage,effective_coverage,obstacle_penalty,energy_range_percent,incomplete_tree_ratio,runtime_sec
lambda_o,0.8,42,0.68,0.152,18.0,22.0,0.85,1594.3689721446106,3342.5512418456365,1472.9995260251874,100.0,100.0,798.4831981540995,20.103882002669213,0.0,74.4765374660492
lambda_o,0.8,43,0.68,0.152,18.0,22.0,0.85,1445.7169180190688,2503.300132469873,1380.4718046347905,100.0,100.0,429.2441670018324,14.157797674573832,0.0,73.41291117668152
lambda_o,0.8,44,0.68,0.152,18.0,22.0,0.85,1347.3463505927286,2605.011767022562,1297.8032454544225,100.0,100.0,325.9414811730681,17.65471195982363,0.0,70.94666934013367
lambda_o,0.8,45,0.68,0.152,18.0,22.0,0.85,1422.1546651319502,2743.3906260635986,1307.8225956430508,100.0,100.0,752.1846676901272,17.51828539971926,0.0,70.74766492843628
lambda_o,0.8,46,0.68,0.152,18.0,22.0,0.85,1357.033802446512,2248.5324859754937,1304.3356911837477,100.0,100.0,346.6981004129235,12.524549922652852,0.0,70.08306312561035
lambda_o,0.8,47,0.68,0.152,18.0,22.0,0.85,1429.7327256407846,2442.500057133828,1393.5306238901585,100.0,100.0,238.1717220435941,12.953211066809985,0.0,69.22233009338379
lambda_o,0.8,48,0.68,0.152,18.0,22.0,0.85,1434.7352427235087,1789.7976206662788,1398.8531618593174,100.0,100.0,236.06632147494312,5.055932825507687,0.0,70.02153873443604
lambda_o,0.8,49,0.68,0.152,18.0,22.0,0.85,1400.3634735674532,1975.7574136521248,1307.801056460264,100.0,100.0,608.9632704420344,8.509782027397932,0.0,68.33956265449524
lambda_o,0.8,50,0.68,0.152,18.0,22.0,0.85,1277.293489841735,2307.0539521848696,1242.598302422234,100.0,100.0,228.25781197040104,15.246556034811809,0.0,68.7854323387146
lambda_o,0.8,51,0.68,0.152,18.0,22.0,0.85,1444.0891918122798,2775.3426761983947,1391.377762111585,100.0,100.0,346.7857217150963,17.250608611293245,0.0,70.72262907028198
lambda_o,0.8,52,0.68,0.152,18.0,22.0,0.85,1486.5115690454977,2772.732563043517,1405.041980305418,100.0,100.0,535.9841364478923,16.546043650725967,0.0,67.91785836219788
lambda_o,0.8,53,0.68,0.152,18.0,22.0,0.85,1308.8299823546065,2204.533514592344,1262.29870005986,100.0,100.0,306.1268572022784,13.506616870111891,0.0,69.26695251464844
lambda_o,0.8,54,0.68,0.152,18.0,22.0,0.85,1337.9035100639671,2427.8045231808683,1270.5929573736114,100.0,100.0,442.8325834891818,15.283558078542296,0.0,69.21443200111389
lambda_o,0.8,55,0.68,0.152,18.0,22.0,0.85,1389.0078019305329,2604.534731444525,1340.859915425502,100.0,100.0,316.7624112173082,16.747777014893085,0.0,68.34520149230957
lambda_o,0.8,56,0.68,0.152,18.0,22.0,0.85,1415.6108256967518,2586.8042149528283,1322.9023144766684,100.0,100.0,609.9244159216021,15.925090604950466,0.0,68.29864835739136
lambda_o,0.8,57,0.68,0.152,18.0,22.0,0.85,1355.577425945364,2084.145338049857,1302.6711744722477,100.0,100.0,348.06744390208047,10.544553897781965,0.0,68.68536186218262
lambda_o,0.8,58,0.68,0.152,18.0,22.0,0.85,1355.5301027500873,2100.130327220485,1319.5838934694898,100.0,100.0,236.48821895129944,10.652619373271106,0.0,70.96679067611694
lambda_o,0.8,59,0.68,0.152,18.0,22.0,0.85,1375.1484153660742,2368.2880343447114,1321.0212475815365,100.0,100.0,356.099788056171,13.51967471914694,0.0,69.95392322540283
lambda_o,0.8,60,0.68,0.152,18.0,22.0,0.85,1355.725450291858,2031.3645432257476,1301.7490190599558,100.0,100.0,355.1081002098837,9.880063459518755,0.0,70.46776676177979
lambda_o,0.8,61,0.68,0.152,18.0,22.0,0.85,1414.846845403738,2580.395696840319,1318.515026038931,100.0,100.0,633.7619695053096,15.923853608116591,0.0,69.88043427467346
lambda_o,0.9,42,0.68,0.171,18.0,22.0,0.85,1487.4696370681272,2210.57624751976,1392.074633680813,100.0,100.0,557.865516884881,9.778812593160715,0.0,68.50581240653992
lambda_o,0.9,43,0.68,0.171,18.0,22.0,0.85,1453.8725571921036,2511.455771642908,1380.4718046347905,100.0,100.0,429.2441670018324,14.157797674573832,0.0,69.99763011932373
lambda_o,0.9,44,0.68,0.171,18.0,22.0,0.85,1409.3821190753376,2254.0218297429924,1335.7681835648807,100.0,100.0,430.4908509383442,11.562168122638012,0.0,69.18795228004456
lambda_o,0.9,45,0.68,0.171,18.0,22.0,0.85,1441.5240208668076,2456.046991158507,1347.9778775341083,100.0,100.0,547.0534697818656,13.867821907104958,0.0,71.27091026306152
lambda_o,0.9,46,0.68,0.171,18.0,22.0,0.85,1341.629458676823,2356.777523000913,1264.620864199799,100.0,100.0,450.3426577603769,14.809049772747562,0.0,70.8120789527893
lambda_o,0.9,47,0.68,0.171,18.0,22.0,0.85,1438.7318055220453,2471.632510883212,1323.8902771348808,100.0,100.0,671.5878853050556,14.359873835750758,0.0,68.04593348503113
lambda_o,0.9,48,0.68,0.171,18.0,22.0,0.85,1386.177929964903,2602.9203807713657,1348.0039596898596,100.0,100.0,223.23959225171384,16.350977106558503,0.0,67.22352695465088
lambda_o,0.9,49,0.68,0.171,18.0,22.0,0.85,1478.8300260214771,2657.295882080632,1338.2044567470211,100.0,100.0,822.371750143017,15.492740052659592,0.0,68.20069646835327
lambda_o,0.9,50,0.68,0.171,18.0,22.0,0.85,1332.8890946986096,2327.661650914177,1273.951722386324,100.0,100.0,344.66299597827816,14.14757798118968,0.0,68.87760758399963
lambda_o,0.9,51,0.68,0.171,18.0,22.0,0.85,1460.562429019643,2368.729783669487,1365.4100367940412,100.0,100.0,556.4467381614165,12.54391551749266,0.0,67.71371746063232
lambda_o,0.9,52,0.68,0.171,18.0,22.0,0.85,1470.6500533739386,2146.0099974736618,1416.763855657232,100.0,100.0,315.1239632555939,8.996569549121025,0.0,68.79502940177917
lambda_o,0.9,53,0.68,0.171,18.0,22.0,0.85,1318.2281648471171,2502.5710804183336,1284.491896096723,100.0,100.0,197.28812134733533,16.66025468527034,0.0,69.17374062538147
lambda_o,0.9,54,0.68,0.171,18.0,22.0,0.85,1340.2591795151611,2529.1243637425296,1246.596567503378,100.0,100.0,547.7345731683237,16.90616996480325,0.0,69.49114656448364
lambda_o,0.9,55,0.68,0.171,18.0,22.0,0.85,1332.5165450169525,2213.059098432857,1278.6680696414082,100.0,100.0,314.9033647692628,12.99574490835541,0.0,68.8591742515564
lambda_o,0.9,56,0.68,0.171,18.0,22.0,0.85,1461.18724914409,2477.7312177424983,1321.8189605449488,100.0,100.0,815.019231573925,14.016665112251433,0.0,66.38302850723267
lambda_o,0.9,57,0.68,0.171,18.0,22.0,0.85,1432.862369250365,2663.340313374769,1391.1695840004932,100.0,100.0,243.81745760158992,15.42360630722999,0.0,68.71898436546326
lambda_o,0.9,58,0.68,0.171,18.0,22.0,0.85,1397.3851704627818,2390.2205616600936,1338.5238437459889,100.0,100.0,344.2182848935257,13.564474596763986,0.0,69.8111879825592
lambda_o,0.9,59,0.68,0.171,18.0,22.0,0.85,1362.5926556047243,2122.397613127171,1320.4026567617211,100.0,100.0,246.7251394327672,10.9303511916383,0.0,70.27125310897827
lambda_o,0.9,60,0.68,0.171,18.0,22.0,0.85,1399.9207747541748,2551.4370769142733,1320.9032016792466,100.0,100.0,462.0910706136152,16.237390418974794,0.0,69.92369365692139
lambda_o,0.9,61,0.68,0.171,18.0,22.0,0.85,1425.4457195719867,2276.8833363229023,1334.8371206374502,100.0,100.0,529.8748475703887,11.632071997210652,0.0,69.63423562049866
lambda_o,1.0,42,0.68,0.19,18.0,22.0,0.85,1420.1363620705492,2761.635934106,1313.4566755112864,100.0,100.0,561.4720345224358,17.593740921733524,0.0,69.56347346305847
lambda_o,1.0,43,0.68,0.19,18.0,22.0,0.85,1462.0281963651385,2519.611410815943,1380.4718046347905,100.0,100.0,429.2441670018324,14.157797674573832,0.0,69.68409657478333
lambda_o,1.0,44,0.68,0.19,18.0,22.0,0.85,1380.6250626393128,1879.85521882362,1298.1909473550345,100.0,100.0,433.8637646540964,7.671167292786395,0.0,71.31795644760132
lambda_o,1.0,45,0.68,0.19,18.0,22.0,0.85,1451.918036792663,2466.4410070843624,1347.9778775341083,100.0,100.0,547.0534697818656,13.867821907104958,0.0,71.91956973075867
lambda_o,1.0,46,0.68,0.19,18.0,22.0,0.85,1347.6788328643768,1865.6405003338489,1281.749951234583,100.0,100.0,346.9941138410192,7.728562279780821,0.0,69.35366916656494
lambda_o,1.0,47,0.68,0.19,18.0,22.0,0.85,1433.0487526848556,2799.93826215562,1407.7964331668215,100.0,100.0,132.90694483175812,17.037440858571095,0.0,70.99623918533325
lambda_o,1.0,48,0.68,0.19,18.0,22.0,0.85,1406.2051904422326,2556.0854981225307,1381.456731163997,100.0,100.0,130.2550488328202,14.99686599143148,0.0,69.18611478805542
lambda_o,1.0,49,0.68,0.19,18.0,22.0,0.85,1481.8439527025555,2765.887856901085,1328.4611321907307,100.0,100.0,807.2780026938157,17.067718113014905,0.0,69.41095519065857
lambda_o,1.0,50,0.68,0.19,18.0,22.0,0.85,1312.2977480417728,1766.5974940373528,1267.818987441762,100.0,100.0,234.0987400000566,7.154831107524673,0.0,67.21636462211609
lambda_o,1.0,51,0.68,0.19,18.0,22.0,0.85,1504.8636477425327,2567.9018590094224,1381.4369995530096,100.0,100.0,649.6139378395949,13.96679247509046,0.0,69.91834354400635
lambda_o,1.0,52,0.68,0.19,18.0,22.0,0.85,1511.8800735932678,2822.3642133735016,1472.3322096260504,100.0,100.0,208.1466524590393,16.451638797706238,0.0,69.00172257423401
lambda_o,1.0,53,0.68,0.19,18.0,22.0,0.85,1335.343105366975,2444.494326745636,1277.652739778649,100.0,100.0,303.6335030964513,15.85311082314286,0.0,70.9586386680603
lambda_o,1.0,54,0.68,0.19,18.0,22.0,0.85,1324.727338931538,2533.657375830961,1261.3067839359187,100.0,100.0,333.7923947137861,16.895227805645842,0.0,69.79946780204773
lambda_o,1.0,55,0.68,0.19,18.0,22.0,0.85,1366.1760950328255,2631.7569135539343,1306.110096865862,100.0,100.0,316.13683245770414,17.813616464393302,0.0,68.10898780822754
lambda_o,1.0,56,0.68,0.19,18.0,22.0,0.85,1591.038405305523,2996.63606828449,1435.2722864662028,100.0,100.0,819.8216781016846,17.323272313138645,0.0,71.080819606781
lambda_o,1.0,57,0.68,0.19,18.0,22.0,0.85,1339.678227053048,2309.8852507604133,1275.7669137269086,100.0,100.0,336.3753332954701,14.019365546517754,0.0,69.54983258247375
lambda_o,1.0,58,0.68,0.19,18.0,22.0,0.85,1402.1471901480309,2584.763351058875,1316.7354292206508,100.0,100.0,449.5355838283165,16.127305846512584,0.0,69.7960557937622
lambda_o,1.0,59,0.68,0.19,18.0,22.0,0.85,1348.4709970956822,2210.938448010149,1280.6932206034564,100.0,100.0,356.7251394327672,12.41848297118588,0.0,69.25348401069641
lambda_o,1.0,60,0.68,0.19,18.0,22.0,0.85,1415.1269058722803,2426.750503765461,1327.9694687087076,100.0,100.0,458.723353492489,13.818211548159343,0.0,69.43048667907715
lambda_o,1.0,61,0.68,0.19,18.0,22.0,0.85,1439.9760200123665,2415.7754254300157,1340.9233742621095,100.0,100.0,521.3297144750356,13.34207196515016,0.0,71.74133539199829
lambda_o,1.1,42,0.68,0.209,18.0,22.0,0.85,1543.4362635349803,2782.017939151163,1423.792984951688,100.0,100.0,572.4558783889591,15.523086259185275,0.0,69.68055891990662
lambda_o,1.1,43,0.68,0.209,18.0,22.0,0.85,1477.8854537145496,2862.9658055190675,1407.315066214314,100.0,100.0,337.65735646045687,17.454178692219745,0.0,70.55952453613281
lambda_o,1.1,44,0.68,0.209,18.0,22.0,0.85,1355.0680457098588,2600.752031499008,1286.7382591628127,100.0,100.0,326.9367777370628,17.97802805010855,0.0,67.89216923713684
lambda_o,1.1,45,0.68,0.209,18.0,22.0,0.85,1446.1278479672865,2463.037317243929,1354.745030961701,100.0,100.0,437.2383588783972,13.959132340202796,0.0,72.05703473091125
lambda_o,1.1,46,0.68,0.209,18.0,22.0,0.85,1347.008320376839,2132.3709556134254,1274.9953640669644,100.0,100.0,344.55959956877774,11.445310326019028,0.0,68.76766514778137
lambda_o,1.1,47,0.68,0.209,18.0,22.0,0.85,1431.4968153166558,2634.7595702854305,1402.6055191940477,100.0,100.0,138.23586661535128,14.951029282489,0.0,70.45940041542053
lambda_o,1.1,48,0.68,0.209,18.0,22.0,0.85,1436.9675075666576,2664.407865320208,1409.1783387670632,100.0,100.0,132.9625301415992,15.72907272565516,0.0,69.34477496147156
lambda_o,1.1,49,0.68,0.209,18.0,22.0,0.85,1501.4421460203057,2640.8618994186554,1373.810555752154,100.0,100.0,610.6774653978546,14.992020843511334,0.0,67.64170479774475
lambda_o,1.1,50,0.68,0.209,18.0,22.0,0.85,1358.1519048585385,1939.3247343167525,1308.4551187684492,100.0,100.0,237.78366550281825,8.60596430898016,0.0,67.40542840957642
lambda_o,1.1,51,0.68,0.209,18.0,22.0,0.85,1495.4438539533744,2623.074009592206,1379.1893267846197,100.0,100.0,556.2417567883002,14.619640697992816,0.0,69.63642907142639
lambda_o,1.1,52,0.68,0.209,18.0,22.0,0.85,1539.8653890417238,2696.4416081993213,1404.527566390018,100.0,100.0,647.549390678019,14.614120865881707,0.0,70.08019137382507
lambda_o,1.1,53,0.68,0.209,18.0,22.0,0.85,1309.498186852742,2473.5205064999327,1248.7265904592168,100.0,100.0,290.77318848576635,16.499413760851926,0.0,68.4647467136383
lambda_o,1.1,54,0.68,0.209,18.0,22.0,0.85,1339.510293942617,2129.3798532697565,1248.053470206641,100.0,100.0,437.5924580668726,11.71481511971526,0.0,69.64517140388489
lambda_o,1.1,55,0.68,0.209,18.0,22.0,0.85,1392.9415989297925,2522.2520024005858,1327.8957182610202,100.0,100.0,311.22430941996254,15.907088820163622,0.0,68.14310693740845
lambda_o,1.1,56,0.68,0.209,18.0,22.0,0.85,1487.5356095574705,2318.4503624488216,1338.9378582517372,100.0,100.0,710.9940253862835,11.569589125083317,0.0,71.51204752922058
lambda_o,1.1,57,0.68,0.209,18.0,22.0,0.85,1469.7043459641952,1872.4096069505788,1374.565422711673,100.0,100.0,455.2101591029775,5.747898439800292,0.0,71.06585311889648
lambda_o,1.1,58,0.68,0.209,18.0,22.0,0.85,1393.687281311274,2293.314150848639,1321.2895823475435,100.0,100.0,346.4004735106731,12.98580960316338,0.0,70.14836168289185
lambda_o,1.1,59,0.68,0.209,18.0,22.0,0.85,1413.3951503105,2800.422532966899,1360.8128457384346,100.0,100.0,251.58997402902145,17.993736086424523,0.0,69.97515344619751
lambda_o,1.1,60,0.68,0.209,18.0,22.0,0.85,1384.2067058160048,2280.0374296183827,1310.5617233105056,100.0,100.0,352.36833734688634,12.671906951607731,0.0,70.56365251541138
lambda_o,1.1,61,0.68,0.209,18.0,22.0,0.85,1363.383038293962,2378.145767516112,1298.2079042749133,100.0,100.0,311.8427465026254,13.987118701198684,0.0,68.70719861984253
lambda_o,1.2,42,0.68,0.2279999999999999,18.0,22.0,0.85,1519.4301809211972,2587.115084042689,1414.5927680035873,100.0,100.0,459.8132145509209,13.750087044679187,0.0,69.32807040214539
lambda_o,1.2,43,0.68,0.2279999999999999,18.0,22.0,0.85,1343.6410294419245,2543.5690998979157,1319.4176432730828,100.0,100.0,106.2429217931655,16.709275778341354,0.0,68.09885001182556
lambda_o,1.2,44,0.68,0.2279999999999999,18.0,22.0,0.85,1372.7598956527372,2640.158983274481,1320.7567750971516,100.0,100.0,228.08386208590224,17.567606724564534,0.0,70.11374235153198
lambda_o,1.2,45,0.68,0.2279999999999999,18.0,22.0,0.85,1473.5877617360763,2609.6028297387397,1374.2099207957583,100.0,100.0,435.8677234224477,14.841844617922892,0.0,69.92568278312683
lambda_o,1.2,46,0.68,0.2279999999999999,18.0,22.0,0.85,1398.186178600398,2692.257349888514,1322.1018094483418,100.0,100.0,333.7033734739308,17.34352517373875,0.0,69.19420576095581
lambda_o,1.2,47,0.68,0.2279999999999999,18.0,22.0,0.85,1469.1805342727923,2384.6180862521783,1438.4825279346005,100.0,100.0,134.6403786762808,11.640566662044485,0.0,69.69496393203735
lambda_o,1.2,48,0.68,0.2279999999999999,18.0,22.0,0.85,1425.1108275982908,2490.928152290405,1346.9934312666835,100.0,100.0,342.6201593491542,14.8205164656436,0.0,69.08181881904602
lambda_o,1.2,49,0.68,0.2279999999999999,18.0,22.0,0.85,1537.0060004307204,2380.384125182836,1375.1278272422664,100.0,100.0,709.9919876686575,11.11231709588425,0.0,67.71080136299133
lambda_o,1.2,50,0.68,0.2279999999999999,18.0,22.0,0.85,1301.2739964479265,2123.4931362964808,1247.848812004956,100.0,100.0,234.3209843989937,12.121220601876804,0.0,66.47685861587524
lambda_o,1.2,51,0.68,0.2279999999999999,18.0,22.0,0.85,1416.9169497871746,2378.369739573232,1389.9092759506257,100.0,100.0,118.45470980942518,13.061501671089829,0.0,65.7792615890503
lambda_o,1.2,52,0.68,0.2279999999999999,18.0,22.0,0.85,1465.208871576091,2817.652845277071,1370.1984903167336,100.0,100.0,416.7121985059544,17.6918763110036,0.0,68.69512104988098
lambda_o,1.2,53,0.68,0.2279999999999999,18.0,22.0,0.85,1381.680679460162,2305.280421273251,1284.9719767392903,100.0,100.0,424.16097684592745,13.524683802476284,0.0,69.77677845954895
lambda_o,1.2,54,0.68,0.2279999999999999,18.0,22.0,0.85,1331.4534787108396,2423.3207138842004,1230.656972698686,100.0,100.0,442.08993864979584,15.81651816735742,0.0,69.33729696273804
lambda_o,1.2,55,0.68,0.2279999999999999,18.0,22.0,0.85,1358.0875505973318,2019.602278315612,1286.7429036099104,100.0,100.0,312.9151183658836,9.741248245344677,0.0,68.22703242301941
lambda_o,1.2,56,0.68,0.2279999999999999,18.0,22.0,0.85,1544.3350371339106,2844.8963310774297,1405.0229921778234,100.0,100.0,611.0177410354704,16.4173862330285,0.0,67.44745421409607
lambda_o,1.2,57,0.68,0.2279999999999999,18.0,22.0,0.85,1431.548072506646,2432.885662967511,1350.9319582760018,100.0,100.0,353.5794483800183,13.352267418362942,0.0,68.96937274932861
lambda_o,1.2,58,0.68,0.2279999999999999,18.0,22.0,0.85,1363.8160854631028,2294.85660350784,1258.601440057046,100.0,100.0,461.4677430090213,13.858199625156942,0.0,69.92426419258118
lambda_o,1.2,59,0.68,0.2279999999999999,18.0,22.0,0.85,1483.2337575527467,2503.417252613463,1373.4432404105253,100.0,100.0,481.5373558869362,13.131378604258062,0.0,68.32754921913147
lambda_o,1.2,60,0.68,0.2279999999999999,18.0,22.0,0.85,1398.537245524014,1915.893651578113,1316.5014948208568,100.0,100.0,359.8059241366543,7.835638406735426,0.0,68.81051135063171
lambda_o,1.2,61,0.68,0.2279999999999999,18.0,22.0,0.85,1467.0785785171563,2666.0456450403503,1322.1486815978787,100.0,100.0,635.6574426284103,16.772743401463554,0.0,70.6057505607605
partition_battery_power,0.8,42,0.68,0.19,18.0,22.0,0.68,1536.968502264889,3439.0253898269048,1427.3073340449353,100.0,100.0,577.1640432629131,23.48279431036306,0.0,66.85384607315063
partition_battery_power,0.8,43,0.68,0.19,18.0,22.0,0.68,1476.9342699928434,2720.0927731973024,1434.264081607108,100.0,100.0,224.5799388722912,15.19255967580304,0.0,69.82022523880005
partition_battery_power,0.8,44,0.68,0.19,18.0,22.0,0.68,1367.561533575651,2591.029680804406,1305.449785690567,100.0,100.0,326.9039362372843,17.395979653199937,0.0,67.69246125221252
partition_battery_power,0.8,45,0.68,0.19,18.0,22.0,0.68,1503.30371000522,2709.987875687641,1400.2837753242843,100.0,100.0,542.2101825312402,15.35521301108354,0.0,69.65823411941528
partition_battery_power,0.8,46,0.68,0.19,18.0,22.0,0.68,1507.5420443177911,2824.674531350025,1438.367184162823,100.0,100.0,364.07821134193824,16.54259061726999,0.0,68.91493678092957
partition_battery_power,0.8,47,0.68,0.19,18.0,22.0,0.68,1400.230911653208,2138.7759139471614,1375.1005984708556,100.0,100.0,132.26480622290754,10.012909236500068,0.0,71.35461235046387
partition_battery_power,0.8,48,0.68,0.19,18.0,22.0,0.68,1423.642807712262,2450.51631830466,1360.0894381014848,100.0,100.0,334.49141900408955,14.157887663647706,0.0,70.07291078567505
partition_battery_power,0.8,49,0.68,0.19,18.0,22.0,0.68,1379.1763299212428,2117.1863448233294,1304.6524360811438,100.0,100.0,392.2310202110472,10.80165299737076,0.0,68.2214002609253
partition_battery_power,0.8,50,0.68,0.19,18.0,22.0,0.68,1437.0748764571704,2627.3233457419374,1352.118931526143,100.0,100.0,447.13655226856577,16.159011094352575,0.0,70.1184070110321
partition_battery_power,0.8,51,0.68,0.19,18.0,22.0,0.68,1448.776335706737,2535.8432603156043,1367.3079394379229,100.0,100.0,428.78103299375846,14.627106419722196,0.0,68.3963623046875
partition_battery_power,0.8,52,0.68,0.19,18.0,22.0,0.68,1459.448225957992,2805.992336485405,1421.6237361518315,100.0,100.0,199.0762621376865,17.177566810841196,0.0,68.50750637054443
partition_battery_power,0.8,53,0.68,0.19,18.0,22.0,0.68,1346.946394715282,2430.380049500528,1265.8844651939614,100.0,100.0,426.6417343227391,15.735073913045085,0.0,68.60401678085327
partition_battery_power,0.8,54,0.68,0.19,18.0,22.0,0.68,1435.226219689157,2661.336846990125,1353.160374545674,100.0,100.0,431.9255007551748,15.812270155244777,0.0,68.64859390258789
partition_battery_power,0.8,55,0.68,0.19,18.0,22.0,0.68,1371.043053625806,2344.0719606504126,1311.211414319646,100.0,100.0,314.9033647692628,14.12514604462634,0.0,68.41959190368652
partition_battery_power,0.8,56,0.68,0.19,18.0,22.0,0.68,1416.5146591189405,2668.2839046768995,1300.8929391746829,100.0,100.0,608.535368127672,17.242085587653705,0.0,67.35846710205078
partition_battery_power,0.8,57,0.68,0.19,18.0,22.0,0.68,1401.7088728335536,2652.7411735382416,1335.427747520809,100.0,100.0,348.8480279618152,16.91288996032997,0.0,69.82638549804688
partition_battery_power,0.8,58,0.68,0.19,18.0,22.0,0.68,1389.5361607232014,2411.738551584542,1263.739665369003,100.0,100.0,662.0868176536756,14.902030173484468,0.0,69.06457567214966
partition_battery_power,0.8,59,0.68,0.19,18.0,22.0,0.68,1334.2413303651203,2370.7798176123124,1266.93798754385,100.0,100.0,354.22812011194986,14.894305174035258,0.0,71.43626189231873
partition_battery_power,0.8,60,0.68,0.19,18.0,22.0,0.68,1350.2952655804888,2224.7476135175298,1282.951444376381,100.0,100.0,354.44116423214604,12.622769714186411,0.0,70.25580096244812
partition_battery_power,0.8,61,0.68,0.19,18.0,22.0,0.68,1494.7897796294883,2717.3190545179523,1353.3968554205903,100.0,100.0,744.1732853099892,16.275073932016905,0.0,70.33031511306763
partition_battery_power,0.9,42,0.68,0.19,18.0,22.0,0.765,1638.5233107064612,2965.4208296619427,1490.0048302756156,100.0,100.0,781.6762127939235,15.936012047872902,0.0,70.24255847930908
partition_battery_power,0.9,43,0.68,0.19,18.0,22.0,0.765,1398.5464180359836,2681.8530983503315,1376.662240738901,100.0,100.0,115.17988051096113,16.05374716067039,0.0,70.75415658950806
partition_battery_power,0.9,44,0.68,0.19,18.0,22.0,0.765,1383.0582087206783,1645.5597856025315,1341.7922830875104,100.0,100.0,217.1890822798319,4.090103174357397,0.0,68.45370221138
partition_battery_power,0.9,45,0.68,0.19,18.0,22.0,0.765,1483.6468357860726,2820.1789555996743,1362.3596089202565,100.0,100.0,638.3538256095585,17.330241405878958,0.0,69.78172707557678
partition_battery_power,0.9,46,0.68,0.19,18.0,22.0,0.765,1409.2806476338333,2195.6844557867607,1321.2368904753866,100.0,100.0,463.3881955707711,11.111633025625988,0.0,69.09030532836914
partition_battery_power,0.9,47,0.68,0.19,18.0,22.0,0.765,1453.712680921985,2589.8130348960203,1345.562962314256,100.0,100.0,569.2090453038378,15.456091951329473,0.0,69.8049578666687
partition_battery_power,0.9,48,0.68,0.19,18.0,22.0,0.765,1465.4878179205843,2853.796168908769,1398.6473271688942,100.0,100.0,351.7920565878434,17.263233971067766,0.0,69.38838791847229
partition_battery_power,0.9,49,0.68,0.19,18.0,22.0,0.765,1493.331170180778,2927.4215362045734,1398.3161865134548,100.0,100.0,500.0788614069636,17.377166150766257,0.0,70.91346836090088
partition_battery_power,0.9,50,0.68,0.19,18.0,22.0,0.765,1352.843155450798,2466.505387581937,1268.9011284261032,100.0,100.0,441.8001422352363,15.613419008619331,0.0,67.80884170532227
partition_battery_power,0.9,51,0.68,0.19,18.0,22.0,0.765,1435.1297476310567,2152.719044551797,1351.107623090092,100.0,100.0,442.22170811033976,10.17327926797756,0.0,67.4742488861084
partition_battery_power,0.9,52,0.68,0.19,18.0,22.0,0.765,1423.3689776973954,2423.084917554416,1384.9200546303632,100.0,100.0,202.36275298438005,13.374318501499374,0.0,70.1946804523468
partition_battery_power,0.9,53,0.68,0.19,18.0,22.0,0.765,1368.3218392322478,2332.101986165896,1290.1942478295089,100.0,100.0,411.1978494880999,14.089987799003785,0.0,70.42905330657959
partition_battery_power,0.9,54,0.68,0.19,18.0,22.0,0.765,1334.6515683486612,2475.279814472659,1253.2416225564632,100.0,100.0,428.4733989063046,16.21685514501075,0.0,70.19229578971863
partition_battery_power,0.9,55,0.68,0.19,18.0,22.0,0.765,1348.5619771205072,2443.554391282717,1288.7303378143472,100.0,100.0,314.9033647692628,15.841045412574765,0.0,67.85760116577148
partition_battery_power,0.9,56,0.68,0.19,18.0,22.0,0.765,1563.5984554899164,2668.400099177677,1365.5781786317905,100.0,100.0,1042.2119834638215,14.55487039826614,0.0,68.40102410316467
partition_battery_power,0.9,57,0.68,0.19,18.0,22.0,0.765,1387.375035948781,2625.898467908064,1339.4347119477975,100.0,100.0,252.3174947420189,16.185887040181427,0.0,68.71639752388
partition_battery_power,0.9,58,0.68,0.19,18.0,22.0,0.765,1394.3889319880177,2588.761783594892,1328.6969280391934,100.0,100.0,345.7473892043388,16.574816362699224,0.0,70.60930871963501
partition_battery_power,0.9,59,0.68,0.19,18.0,22.0,0.765,1381.2548544698304,2374.0452075234584,1295.284147488341,100.0,100.0,452.4774051657337,13.6380835322961,0.0,70.55723857879639
partition_battery_power,0.9,60,0.68,0.19,18.0,22.0,0.765,1376.4721129451505,2588.708173703318,1289.8833157930028,100.0,100.0,455.7305113270924,16.920011893727814,0.0,69.3134982585907
partition_battery_power,0.9,61,0.68,0.19,18.0,22.0,0.765,1451.849109621633,2783.101327087685,1330.4191509319749,100.0,100.0,639.1050457350427,17.48765514961246,0.0,70.34097838401794
partition_battery_power,1.0,42,0.68,0.19,18.0,22.0,0.85,1420.1363620705492,2761.635934106,1313.4566755112864,100.0,100.0,561.4720345224358,17.593740921733524,0.0,68.4925651550293
partition_battery_power,1.0,43,0.68,0.19,18.0,22.0,0.85,1462.0281963651385,2519.611410815943,1380.4718046347905,100.0,100.0,429.2441670018324,14.157797674573832,0.0,69.57363319396973
partition_battery_power,1.0,44,0.68,0.19,18.0,22.0,0.85,1380.6250626393128,1879.85521882362,1298.1909473550345,100.0,100.0,433.8637646540964,7.671167292786395,0.0,70.29070830345154
partition_battery_power,1.0,45,0.68,0.19,18.0,22.0,0.85,1451.918036792663,2466.4410070843624,1347.9778775341083,100.0,100.0,547.0534697818656,13.867821907104958,0.0,71.40665435791016
partition_battery_power,1.0,46,0.68,0.19,18.0,22.0,0.85,1347.6788328643768,1865.6405003338489,1281.749951234583,100.0,100.0,346.9941138410192,7.728562279780821,0.0,68.2436990737915
partition_battery_power,1.0,47,0.68,0.19,18.0,22.0,0.85,1433.0487526848556,2799.93826215562,1407.7964331668215,100.0,100.0,132.90694483175812,17.037440858571095,0.0,69.94756174087524
partition_battery_power,1.0,48,0.68,0.19,18.0,22.0,0.85,1406.2051904422326,2556.0854981225307,1381.456731163997,100.0,100.0,130.2550488328202,14.99686599143148,0.0,69.92512965202332
partition_battery_power,1.0,49,0.68,0.19,18.0,22.0,0.85,1481.8439527025555,2765.887856901085,1328.4611321907307,100.0,100.0,807.2780026938157,17.067718113014905,0.0,70.30394053459167
partition_battery_power,1.0,50,0.68,0.19,18.0,22.0,0.85,1312.2977480417728,1766.5974940373528,1267.818987441762,100.0,100.0,234.0987400000566,7.154831107524673,0.0,65.855295419693
partition_battery_power,1.0,51,0.68,0.19,18.0,22.0,0.85,1504.8636477425327,2567.9018590094224,1381.4369995530096,100.0,100.0,649.6139378395949,13.96679247509046,0.0,69.68942427635193
partition_battery_power,1.0,52,0.68,0.19,18.0,22.0,0.85,1511.8800735932678,2822.3642133735016,1472.3322096260504,100.0,100.0,208.1466524590393,16.451638797706238,0.0,68.6650938987732
partition_battery_power,1.0,53,0.68,0.19,18.0,22.0,0.85,1335.343105366975,2444.494326745636,1277.652739778649,100.0,100.0,303.6335030964513,15.85311082314286,0.0,71.4258325099945
partition_battery_power,1.0,54,0.68,0.19,18.0,22.0,0.85,1324.727338931538,2533.657375830961,1261.3067839359187,100.0,100.0,333.7923947137861,16.895227805645842,0.0,69.7414813041687
partition_battery_power,1.0,55,0.68,0.19,18.0,22.0,0.85,1366.1760950328255,2631.7569135539343,1306.110096865862,100.0,100.0,316.13683245770414,17.813616464393302,0.0,68.09625387191772
partition_battery_power,1.0,56,0.68,0.19,18.0,22.0,0.85,1591.038405305523,2996.63606828449,1435.2722864662028,100.0,100.0,819.8216781016846,17.323272313138645,0.0,70.53552174568176
partition_battery_power,1.0,57,0.68,0.19,18.0,22.0,0.85,1339.678227053048,2309.8852507604133,1275.7669137269086,100.0,100.0,336.3753332954701,14.019365546517754,0.0,70.09673380851746
partition_battery_power,1.0,58,0.68,0.19,18.0,22.0,0.85,1402.1471901480309,2584.763351058875,1316.7354292206508,100.0,100.0,449.5355838283165,16.127305846512584,0.0,69.88186693191528
partition_battery_power,1.0,59,0.68,0.19,18.0,22.0,0.85,1348.4709970956822,2210.938448010149,1280.6932206034564,100.0,100.0,356.7251394327672,12.41848297118588,0.0,69.83732199668884
partition_battery_power,1.0,60,0.68,0.19,18.0,22.0,0.85,1415.1269058722803,2426.750503765461,1327.9694687087076,100.0,100.0,458.723353492489,13.818211548159343,0.0,69.21707892417908
partition_battery_power,1.0,61,0.68,0.19,18.0,22.0,0.85,1439.9760200123665,2415.7754254300157,1340.9233742621095,100.0,100.0,521.3297144750356,13.34207196515016,0.0,70.74562096595764
partition_battery_power,1.1,42,0.68,0.19,18.0,22.0,0.935,1475.558344280549,2732.83661704202,1388.0869311338713,100.0,100.0,460.3758586667229,16.013537841525082,0.0,68.36192440986633
partition_battery_power,1.1,43,0.68,0.19,18.0,22.0,0.935,1504.6721594852636,2553.238534651937,1423.987764216855,100.0,100.0,424.6547119389925,13.207322718080206,0.0,71.3208498954773
partition_battery_power,1.1,44,0.68,0.19,18.0,22.0,0.935,1391.3003720982078,2424.3197215369887,1308.3177952975375,100.0,100.0,436.7504042140547,14.733925448124168,0.0,69.79464197158813
partition_battery_power,1.1,45,0.68,0.19,18.0,22.0,0.935,1444.392785518165,2736.7224718747184,1341.0395473534877,100.0,100.0,543.9644113930391,17.1186694272995,0.0,70.60022807121277
partition_battery_power,1.1,46,0.68,0.19,18.0,22.0,0.935,1379.144056984038,1831.7230890124265,1312.2822965626317,100.0,100.0,351.90400221792845,6.661735613404796,0.0,68.6670823097229
partition_battery_power,1.1,47,0.68,0.19,18.0,22.0,0.935,1413.7965775937228,2652.4722993513856,1346.4059671299117,100.0,100.0,354.6874234937425,16.6336024025579,0.0,69.80386805534363
partition_battery_power,1.1,48,0.68,0.19,18.0,22.0,0.935,1450.9120032411947,2595.090631063624,1366.103027099099,100.0,100.0,446.3630323268185,15.00662187474944,0.0,69.73783230781555
partition_battery_power,1.1,49,0.68,0.19,18.0,22.0,0.935,1516.953103148728,2511.296798913885,1401.7154924971364,100.0,100.0,606.5137402715352,12.713522276022063,0.0,70.9118709564209
partition_battery_power,1.1,50,0.68,0.19,18.0,22.0,0.935,1323.3496121736466,2389.271209588272,1281.5748302274856,100.0,100.0,219.86727340084784,15.080183137160352,0.0,71.08847689628601
partition_battery_power,1.1,51,0.68,0.19,18.0,22.0,0.935,1411.0903082988536,2657.200287472554,1368.2073149165262,100.0,100.0,225.6999651701447,16.465981222594976,0.0,71.57936000823975
partition_battery_power,1.1,52,0.68,0.19,18.0,22.0,0.935,1412.5711112812205,2278.8348784794152,1331.839451205989,100.0,100.0,424.9034740801655,11.798344704404249,0.0,68.1681821346283
partition_battery_power,1.1,53,0.68,0.19,18.0,22.0,0.935,1368.2885333013387,2653.1087480044744,1332.0286969525932,100.0,100.0,190.84124394076525,17.694198999447835,0.0,69.29043769836426
partition_battery_power,1.1,54,0.68,0.19,18.0,22.0,0.935,1368.768992663994,2557.3026476683144,1284.8467017675262,100.0,100.0,441.6962678761459,16.490725301309233,0.0,69.34722185134888
partition_battery_power,1.1,55,0.68,0.19,18.0,22.0,0.935,1449.4656800170442,2742.644270436488,1368.4996818500804,100.0,100.0,426.1368324577041,16.97133584348478,0.0,71.13721108436584
partition_battery_power,1.1,56,0.68,0.19,18.0,22.0,0.935,1506.3175723126742,2841.905321671785,1348.2276279228636,100.0,100.0,832.0523388937406,17.742291616518692,0.0,68.6262719631195
partition_battery_power,1.1,57,0.68,0.19,18.0,22.0,0.935,1351.2476861028354,1976.7326740964315,1286.6855096277263,100.0,100.0,339.80092881636364,9.47926773822459,0.0,68.21827006340027
partition_battery_power,1.1,58,0.68,0.19,18.0,22.0,0.935,1378.1835435495789,2519.049167866434,1312.516797080723,100.0,100.0,345.6144550992395,15.259068778158229,0.0,71.53609871864319
partition_battery_power,1.1,59,0.68,0.19,18.0,22.0,0.935,1386.2520195636594,1904.008777005784,1297.5424919724485,100.0,100.0,466.8922504800585,7.688766072873034,0.0,73.24561715126038
partition_battery_power,1.1,60,0.68,0.19,18.0,22.0,0.935,1413.6296868372758,2710.441894897798,1325.4370112069348,100.0,100.0,464.17197700179526,17.06565113280022,0.0,74.26018691062927
partition_battery_power,1.1,61,0.68,0.19,18.0,22.0,0.935,1437.7805531784215,2703.643851655723,1338.3870084124214,100.0,100.0,523.1239198210527,16.337101128535377,0.0,71.99431705474854
partition_battery_power,1.2,42,0.68,0.19,18.0,22.0,1.02,1342.758032293139,2418.189213308455,1276.0246774402217,100.0,100.0,351.2281834364084,15.424816089579297,0.0,77.23230767250061
partition_battery_power,1.2,43,0.68,0.19,18.0,22.0,1.02,1477.802080502882,2067.9541485863715,1415.5768060148748,100.0,100.0,327.501444673722,7.9630045658994595,0.0,72.85535478591919
partition_battery_power,1.2,44,0.68,0.19,18.0,22.0,1.02,1445.1693417703116,2670.4035352051087,1339.1598321688298,100.0,100.0,557.9447873762203,15.974449591956224,0.0,74.87504649162292
partition_battery_power,1.2,45,0.68,0.19,18.0,22.0,1.02,1438.27433606591,2420.909748531269,1394.628644197387,100.0,100.0,229.71416772906736,12.92684344301554,0.0,71.33987188339233
partition_battery_power,1.2,46,0.68,0.19,18.0,22.0,1.02,1368.398616929397,2669.8129719867125,1302.718177522186,100.0,100.0,345.6865231958462,17.52060501137138,0.0,68.70598125457764
partition_battery_power,1.2,47,0.68,0.19,18.0,22.0,1.02,1406.278921569144,2637.0714004720307,1359.8909992015492,100.0,100.0,244.1469598294452,15.93558868478819,0.0,69.17107033729553
partition_battery_power,1.2,48,0.68,0.19,18.0,22.0,1.02,1450.2961874190046,1948.690840751978,1364.2194985850867,100.0,100.0,453.03520438904064,7.1977884775553465,0.0,71.27629661560059
partition_battery_power,1.2,49,0.68,0.19,18.0,22.0,1.02,1436.0326959830934,2403.978796609429,1281.467893860002,100.0,100.0,813.498958542586,13.824308966802526,0.0,71.32592248916626
partition_battery_power,1.2,50,0.68,0.19,18.0,22.0,1.02,1279.6828624527136,2439.4609480889085,1238.1432534800383,100.0,100.0,218.62952090881743,16.58729996273567,0.0,78.17578125
partition_battery_power,1.2,51,0.68,0.19,18.0,22.0,1.02,1424.620999220791,2410.2777559326423,1340.7988706204433,100.0,100.0,441.1690978965669,13.830551251274292,0.0,73.35701584815979
partition_battery_power,1.2,52,0.68,0.19,18.0,22.0,1.02,1442.8695578208558,2726.359207985429,1404.156227897375,100.0,100.0,203.7543680183201,16.246571244676524,0.0,71.27373600006104
partition_battery_power,1.2,53,0.68,0.19,18.0,22.0,1.02,1297.4137335979956,2448.4989981140707,1242.1668277857,100.0,100.0,290.77318848576635,16.87001806806681,0.0,72.49190974235535
partition_battery_power,1.2,54,0.68,0.19,18.0,22.0,1.02,1242.099463131259,2184.7409991646155,1181.2080191923512,100.0,100.0,320.48128388898846,14.644054029884868,0.0,75.46183276176453
partition_battery_power,1.2,55,0.68,0.19,18.0,22.0,1.02,1403.8832312655109,2380.443732185826,1344.0685237523091,100.0,100.0,314.8142500694823,13.435085379689394,0.0,71.99086594581604
partition_battery_power,1.2,56,0.68,0.19,18.0,22.0,1.02,1495.1716235840445,2632.4376843720897,1318.2742409004964,100.0,100.0,931.0388562292007,15.402644267464682,0.0,68.37685561180115
partition_battery_power,1.2,57,0.68,0.19,18.0,22.0,1.02,1511.443985463458,2727.231821672456,1427.70016713362,100.0,100.0,440.7569385780939,15.195299588365158,0.0,73.05241918563843
partition_battery_power,1.2,58,0.68,0.19,18.0,22.0,1.02,1388.3774865506002,2543.936798089494,1321.981717710485,100.0,100.0,349.45141494797446,15.783025396355848,0.0,71.13974809646606
partition_battery_power,1.2,59,0.68,0.19,18.0,22.0,1.02,1397.5228326675317,2725.538135049407,1349.0325939125655,100.0,100.0,255.21178292087265,17.697880231520823,0.0,71.32300209999084
partition_battery_power,1.2,60,0.68,0.19,18.0,22.0,1.02,1349.9180760296915,1722.8258922652758,1283.047133793682,100.0,100.0,351.95232755794626,5.852881688390967,0.0,72.10079431533813
partition_battery_power,1.2,61,0.68,0.19,18.0,22.0,1.02,1422.0644460480817,2634.539076553602,1319.5662646539315,100.0,100.0,539.464112600789,16.45263486003043,0.0,75.49216365814209
lambda_b,0.8,42,0.544,0.19,18.0,22.0,0.85,1420.1363620705492,2735.999810599051,1313.4566755112864,100.0,100.0,561.4720345224358,17.593740921733524,0.0,70.32615733146667
lambda_b,0.8,43,0.544,0.19,18.0,22.0,0.85,1462.0281963651385,2495.2218812575006,1380.4718046347905,100.0,100.0,429.2441670018324,14.157797674573832,0.0,68.78645253181458
lambda_b,0.8,44,0.544,0.19,18.0,22.0,0.85,1380.6250626393128,1857.0532124847396,1298.1909473550345,100.0,100.0,433.8637646540964,7.671167292786395,0.0,69.26557803153992
lambda_b,0.8,45,0.544,0.19,18.0,22.0,0.85,1451.918036792663,2442.255000592286,1347.9778775341083,100.0,100.0,547.0534697818656,13.867821907104958,0.0,70.0880982875824
lambda_b,0.8,46,0.544,0.19,18.0,22.0,0.85,1347.6788328643768,1839.514785735477,1281.749951234583,100.0,100.0,346.9941138410192,7.728562279780821,0.0,67.29782843589783
lambda_b,0.8,47,0.544,0.19,18.0,22.0,0.85,1433.0487526848556,2765.5771797488296,1407.7964331668215,100.0,100.0,132.90694483175812,17.037440858571095,0.0,69.2959246635437
lambda_b,0.8,48,0.544,0.19,18.0,22.0,0.85,1406.2051904422326,2530.186208475594,1381.456731163997,100.0,100.0,130.2550488328202,14.99686599143148,0.0,68.3611741065979
lambda_b,0.8,49,0.544,0.19,18.0,22.0,0.85,1481.8439527025555,2742.0854490875854,1328.4611321907307,100.0,100.0,807.2780026938157,17.067718113014905,0.0,67.42603754997253
lambda_b,0.8,50,0.544,0.19,18.0,22.0,0.85,1312.2977480417728,1744.264020808353,1267.818987441762,100.0,100.0,234.0987400000566,7.154831107524673,0.0,64.86524081230164
lambda_b,0.8,51,0.544,0.19,18.0,22.0,0.85,1504.8636477425327,2543.5341680945144,1381.4369995530096,100.0,100.0,649.6139378395949,13.96679247509046,0.0,68.55797410011292
lambda_b,0.8,52,0.544,0.19,18.0,22.0,0.85,1511.8800735932678,2797.3823719923053,1472.3322096260504,100.0,100.0,208.1466524590393,16.451638797706238,0.0,68.34140682220459
lambda_b,0.8,53,0.544,0.19,18.0,22.0,0.85,1335.343105366975,2420.250494835137,1277.652739778649,100.0,100.0,303.6335030964513,15.85311082314286,0.0,69.2968487739563
lambda_b,0.8,54,0.544,0.19,18.0,22.0,0.85,1324.727338931538,2508.11888609906,1261.3067839359187,100.0,100.0,333.7923947137861,16.895227805645842,0.0,67.5943169593811
lambda_b,0.8,55,0.544,0.19,18.0,22.0,0.85,1366.1760950328255,2608.652225687592,1306.110096865862,100.0,100.0,316.13683245770414,17.813616464393302,0.0,67.19357919692993
lambda_b,0.8,56,0.544,0.19,18.0,22.0,0.85,1591.038405305523,2971.0926262582443,1435.2722864662028,100.0,100.0,819.8216781016846,17.323272313138645,0.0,69.40604901313782
lambda_b,0.8,57,0.544,0.19,18.0,22.0,0.85,1339.678227053048,2285.631620140194,1275.7669137269086,100.0,100.0,336.3753332954701,14.019365546517754,0.0,68.22919535636902
lambda_b,0.8,58,0.544,0.19,18.0,22.0,0.85,1402.1471901480309,2559.893159637856,1316.7354292206508,100.0,100.0,449.5355838283165,16.127305846512584,0.0,68.01353168487549
lambda_b,0.8,59,0.544,0.19,18.0,22.0,0.85,1348.4709970956822,2187.6854296181477,1280.6932206034564,100.0,100.0,356.7251394327672,12.41848297118588,0.0,67.75455164909363
lambda_b,0.8,60,0.544,0.19,18.0,22.0,0.85,1415.1269058722803,2402.735956826114,1327.9694687087076,100.0,100.0,458.723353492489,13.818211548159343,0.0,68.02985143661499
lambda_b,0.8,61,0.544,0.19,18.0,22.0,0.85,1439.9760200123665,2392.142450247637,1340.9233742621095,100.0,100.0,521.3297144750356,13.34207196515016,0.0,68.67232513427734
lambda_b,0.9,42,0.6120000000000001,0.19,18.0,22.0,0.85,1420.1363620705492,2748.8178723525257,1313.4566755112864,100.0,100.0,561.4720345224358,17.593740921733524,0.0,68.02929830551147
lambda_b,0.9,43,0.6120000000000001,0.19,18.0,22.0,0.85,1462.0281963651385,2507.416646036722,1380.4718046347905,100.0,100.0,429.2441670018324,14.157797674573832,0.0,68.50545144081116
lambda_b,0.9,44,0.6120000000000001,0.19,18.0,22.0,0.85,1380.6250626393128,1868.45421565418,1298.1909473550345,100.0,100.0,433.8637646540964,7.671167292786395,0.0,69.34621930122375
lambda_b,0.9,45,0.6120000000000001,0.19,18.0,22.0,0.85,1451.918036792663,2454.348003838324,1347.9778775341083,100.0,100.0,547.0534697818656,13.867821907104958,0.0,69.71346020698547
lambda_b,0.9,46,0.6120000000000001,0.19,18.0,22.0,0.85,1347.6788328643768,1852.577643034663,1281.749951234583,100.0,100.0,346.9941138410192,7.728562279780821,0.0,67.0476233959198
lambda_b,0.9,47,0.6120000000000001,0.19,18.0,22.0,0.85,1433.0487526848556,2782.757720952225,1407.7964331668215,100.0,100.0,132.90694483175812,17.037440858571095,0.0,68.4886417388916
lambda_b,0.9,48,0.6120000000000001,0.19,18.0,22.0,0.85,1406.2051904422326,2543.1358532990625,1381.456731163997,100.0,100.0,130.2550488328202,14.99686599143148,0.0,68.87037897109985
lambda_b,0.9,49,0.6120000000000001,0.19,18.0,22.0,0.85,1481.8439527025555,2753.986652994336,1328.4611321907307,100.0,100.0,807.2780026938157,17.067718113014905,0.0,67.94377946853638
lambda_b,0.9,50,0.6120000000000001,0.19,18.0,22.0,0.85,1312.2977480417728,1755.430757422853,1267.818987441762,100.0,100.0,234.0987400000566,7.154831107524673,0.0,65.01509118080139
lambda_b,0.9,51,0.6120000000000001,0.19,18.0,22.0,0.85,1504.8636477425327,2555.7180135519684,1381.4369995530096,100.0,100.0,649.6139378395949,13.96679247509046,0.0,67.15387344360352
lambda_b,0.9,52,0.6120000000000001,0.19,18.0,22.0,0.85,1511.8800735932678,2809.8732926829034,1472.3322096260504,100.0,100.0,208.1466524590393,16.451638797706238,0.0,67.12700700759888
lambda_b,0.9,53,0.6120000000000001,0.19,18.0,22.0,0.85,1335.343105366975,2432.3724107903863,1277.652739778649,100.0,100.0,303.6335030964513,15.85311082314286,0.0,69.18737649917603
lambda_b,0.9,54,0.6120000000000001,0.19,18.0,22.0,0.85,1324.727338931538,2520.8881309650105,1261.3067839359187,100.0,100.0,333.7923947137861,16.895227805645842,0.0,68.06108593940735
lambda_b,0.9,55,0.6120000000000001,0.19,18.0,22.0,0.85,1366.1760950328255,2620.204569620764,1306.110096865862,100.0,100.0,316.13683245770414,17.813616464393302,0.0,66.34601020812988
lambda_b,0.9,56,0.6120000000000001,0.19,18.0,22.0,0.85,1591.038405305523,2983.8643472713675,1435.2722864662028,100.0,100.0,819.8216781016846,17.323272313138645,0.0,69.18499565124512
lambda_b,0.9,57,0.6120000000000001,0.19,18.0,22.0,0.85,1339.678227053048,2297.758435450304,1275.7669137269086,100.0,100.0,336.3753332954701,14.019365546517754,0.0,68.49788904190063
lambda_b,0.9,58,0.6120000000000001,0.19,18.0,22.0,0.85,1402.1471901480309,2572.328255348366,1316.7354292206508,100.0,100.0,449.5355838283165,16.127305846512584,0.0,68.11324572563171
lambda_b,0.9,59,0.6120000000000001,0.19,18.0,22.0,0.85,1348.4709970956822,2199.311938814148,1280.6932206034564,100.0,100.0,356.7251394327672,12.41848297118588,0.0,68.11033487319946
lambda_b,0.9,60,0.6120000000000001,0.19,18.0,22.0,0.85,1415.1269058722803,2414.743230295788,1327.9694687087076,100.0,100.0,458.723353492489,13.818211548159343,0.0,67.34654307365417
lambda_b,0.9,61,0.6120000000000001,0.19,18.0,22.0,0.85,1439.9760200123665,2403.9589378388264,1340.9233742621095,100.0,100.0,521.3297144750356,13.34207196515016,0.0,69.40920901298523
lambda_b,1.0,42,0.68,0.19,18.0,22.0,0.85,1420.1363620705492,2761.635934106,1313.4566755112864,100.0,100.0,561.4720345224358,17.593740921733524,0.0,68.11659502983093
lambda_b,1.0,43,0.68,0.19,18.0,22.0,0.85,1462.0281963651385,2519.611410815943,1380.4718046347905,100.0,100.0,429.2441670018324,14.157797674573832,0.0,68.58761763572693
lambda_b,1.0,44,0.68,0.19,18.0,22.0,0.85,1380.6250626393128,1879.85521882362,1298.1909473550345,100.0,100.0,433.8637646540964,7.671167292786395,0.0,69.8005621433258
lambda_b,1.0,45,0.68,0.19,18.0,22.0,0.85,1451.918036792663,2466.4410070843624,1347.9778775341083,100.0,100.0,547.0534697818656,13.867821907104958,0.0,69.84091329574585
lambda_b,1.0,46,0.68,0.19,18.0,22.0,0.85,1347.6788328643768,1865.6405003338489,1281.749951234583,100.0,100.0,346.9941138410192,7.728562279780821,0.0,67.67011833190918
lambda_b,1.0,47,0.68,0.19,18.0,22.0,0.85,1433.0487526848556,2799.93826215562,1407.7964331668215,100.0,100.0,132.90694483175812,17.037440858571095,0.0,69.28785681724548
lambda_b,1.0,48,0.68,0.19,18.0,22.0,0.85,1406.2051904422326,2556.0854981225307,1381.456731163997,100.0,100.0,130.2550488328202,14.99686599143148,0.0,68.17533111572266
lambda_b,1.0,49,0.68,0.19,18.0,22.0,0.85,1481.8439527025555,2765.887856901085,1328.4611321907307,100.0,100.0,807.2780026938157,17.067718113014905,0.0,67.9159791469574
lambda_b,1.0,50,0.68,0.19,18.0,22.0,0.85,1312.2977480417728,1766.5974940373528,1267.818987441762,100.0,100.0,234.0987400000566,7.154831107524673,0.0,65.88251042366028
lambda_b,1.0,51,0.68,0.19,18.0,22.0,0.85,1504.8636477425327,2567.9018590094224,1381.4369995530096,100.0,100.0,649.6139378395949,13.96679247509046,0.0,68.62764883041382
lambda_b,1.0,52,0.68,0.19,18.0,22.0,0.85,1511.8800735932678,2822.3642133735016,1472.3322096260504,100.0,100.0,208.1466524590393,16.451638797706238,0.0,67.66122245788574
lambda_b,1.0,53,0.68,0.19,18.0,22.0,0.85,1335.343105366975,2444.494326745636,1277.652739778649,100.0,100.0,303.6335030964513,15.85311082314286,0.0,69.10027289390564
lambda_b,1.0,54,0.68,0.19,18.0,22.0,0.85,1324.727338931538,2533.657375830961,1261.3067839359187,100.0,100.0,333.7923947137861,16.895227805645842,0.0,68.80166745185852
lambda_b,1.0,55,0.68,0.19,18.0,22.0,0.85,1366.1760950328255,2631.7569135539343,1306.110096865862,100.0,100.0,316.13683245770414,17.813616464393302,0.0,67.72649717330933
lambda_b,1.0,56,0.68,0.19,18.0,22.0,0.85,1591.038405305523,2996.63606828449,1435.2722864662028,100.0,100.0,819.8216781016846,17.323272313138645,0.0,69.52391982078552
lambda_b,1.0,57,0.68,0.19,18.0,22.0,0.85,1339.678227053048,2309.8852507604133,1275.7669137269086,100.0,100.0,336.3753332954701,14.019365546517754,0.0,68.4308762550354
lambda_b,1.0,58,0.68,0.19,18.0,22.0,0.85,1402.1471901480309,2584.763351058875,1316.7354292206508,100.0,100.0,449.5355838283165,16.127305846512584,0.0,68.05809998512268
lambda_b,1.0,59,0.68,0.19,18.0,22.0,0.85,1348.4709970956822,2210.938448010149,1280.6932206034564,100.0,100.0,356.7251394327672,12.41848297118588,0.0,68.6319808959961
lambda_b,1.0,60,0.68,0.19,18.0,22.0,0.85,1415.1269058722803,2426.750503765461,1327.9694687087076,100.0,100.0,458.723353492489,13.818211548159343,0.0,68.36129593849182
lambda_b,1.0,61,0.68,0.19,18.0,22.0,0.85,1439.9760200123665,2415.7754254300157,1340.9233742621095,100.0,100.0,521.3297144750356,13.34207196515016,0.0,69.88259696960449
lambda_b,1.1,42,0.7480000000000001,0.19,18.0,22.0,0.85,1420.1363620705492,2774.453995859474,1313.4566755112864,100.0,100.0,561.4720345224358,17.593740921733524,0.0,68.16162705421448
lambda_b,1.1,43,0.7480000000000001,0.19,18.0,22.0,0.85,1462.0281963651385,2531.8061755951644,1380.4718046347905,100.0,100.0,429.2441670018324,14.157797674573832,0.0,68.50049185752869
lambda_b,1.1,44,0.7480000000000001,0.19,18.0,22.0,0.85,1380.6250626393128,1891.2562219930603,1298.1909473550345,100.0,100.0,433.8637646540964,7.671167292786395,0.0,69.32602953910828
lambda_b,1.1,45,0.7480000000000001,0.19,18.0,22.0,0.85,1451.918036792663,2478.5340103304,1347.9778775341083,100.0,100.0,547.0534697818656,13.867821907104958,0.0,70.31394267082214
lambda_b,1.1,46,0.7480000000000001,0.19,18.0,22.0,0.85,1347.6788328643768,1878.7033576330343,1281.749951234583,100.0,100.0,346.9941138410192,7.728562279780821,0.0,67.99843382835388
lambda_b,1.1,47,0.7480000000000001,0.19,18.0,22.0,0.85,1433.0487526848556,2817.118803359015,1407.7964331668215,100.0,100.0,132.90694483175812,17.037440858571095,0.0,69.217600107193
lambda_b,1.1,48,0.7480000000000001,0.19,18.0,22.0,0.85,1406.2051904422326,2569.035142945999,1381.456731163997,100.0,100.0,130.2550488328202,14.99686599143148,0.0,68.94579744338989
lambda_b,1.1,49,0.7480000000000001,0.19,18.0,22.0,0.85,1481.8439527025555,2777.789060807835,1328.4611321907307,100.0,100.0,807.2780026938157,17.067718113014905,0.0,67.43995690345764
lambda_b,1.1,50,0.7480000000000001,0.19,18.0,22.0,0.85,1312.2977480417728,1777.7642306518526,1267.818987441762,100.0,100.0,234.0987400000566,7.154831107524673,0.0,65.38224935531616
lambda_b,1.1,51,0.7480000000000001,0.19,18.0,22.0,0.85,1504.8636477425327,2580.0857044668765,1381.4369995530096,100.0,100.0,649.6139378395949,13.96679247509046,0.0,68.32968497276306
lambda_b,1.1,52,0.7480000000000001,0.19,18.0,22.0,0.85,1511.8800735932678,2834.8551340641,1472.3322096260504,100.0,100.0,208.1466524590393,16.451638797706238,0.0,67.74289584159851
lambda_b,1.1,53,0.7480000000000001,0.19,18.0,22.0,0.85,1335.343105366975,2456.616242700885,1277.652739778649,100.0,100.0,303.6335030964513,15.85311082314286,0.0,69.49592280387878
lambda_b,1.1,54,0.7480000000000001,0.19,18.0,22.0,0.85,1324.727338931538,2546.4266206969123,1261.3067839359187,100.0,100.0,333.7923947137861,16.895227805645842,0.0,68.19351053237915
lambda_b,1.1,55,0.7480000000000001,0.19,18.0,22.0,0.85,1366.1760950328255,2643.309257487105,1306.110096865862,100.0,100.0,316.13683245770414,17.813616464393302,0.0,66.81484842300415
lambda_b,1.1,56,0.7480000000000001,0.19,18.0,22.0,0.85,1591.038405305523,3009.407789297614,1435.2722864662028,100.0,100.0,819.8216781016846,17.323272313138645,0.0,69.71389198303223
lambda_b,1.1,57,0.7480000000000001,0.19,18.0,22.0,0.85,1339.678227053048,2322.012066070524,1275.7669137269086,100.0,100.0,336.3753332954701,14.019365546517754,0.0,68.01239395141602
lambda_b,1.1,58,0.7480000000000001,0.19,18.0,22.0,0.85,1402.1471901480309,2597.1984467693846,1316.7354292206508,100.0,100.0,449.5355838283165,16.127305846512584,0.0,68.01798176765442
lambda_b,1.1,59,0.7480000000000001,0.19,18.0,22.0,0.85,1348.4709970956822,2222.56495720615,1280.6932206034564,100.0,100.0,356.7251394327672,12.41848297118588,0.0,68.01234436035156
lambda_b,1.1,60,0.7480000000000001,0.19,18.0,22.0,0.85,1415.1269058722803,2438.757777235134,1327.9694687087076,100.0,100.0,458.723353492489,13.818211548159343,0.0,67.52191376686096
lambda_b,1.1,61,0.7480000000000001,0.19,18.0,22.0,0.85,1439.9760200123665,2427.591913021204,1340.9233742621095,100.0,100.0,521.3297144750356,13.34207196515016,0.0,69.76891016960144
lambda_b,1.2,42,0.8160000000000001,0.19,18.0,22.0,0.85,1420.1363620705492,2787.2720576129486,1313.4566755112864,100.0,100.0,561.4720345224358,17.593740921733524,0.0,68.30603075027466
lambda_b,1.2,43,0.8160000000000001,0.19,18.0,22.0,0.85,1462.0281963651385,2544.0009403743857,1380.4718046347905,100.0,100.0,429.2441670018324,14.157797674573832,0.0,68.41412425041199
lambda_b,1.2,44,0.8160000000000001,0.19,18.0,22.0,0.85,1380.6250626393128,1902.6572251625007,1298.1909473550345,100.0,100.0,433.8637646540964,7.671167292786395,0.0,69.30331540107727
lambda_b,1.2,45,0.8160000000000001,0.19,18.0,22.0,0.85,1451.918036792663,2490.627013576438,1347.9778775341083,100.0,100.0,547.0534697818656,13.867821907104958,0.0,70.04762768745422
lambda_b,1.2,46,0.8160000000000001,0.19,18.0,22.0,0.85,1347.6788328643768,1891.7662149322205,1281.749951234583,100.0,100.0,346.9941138410192,7.728562279780821,0.0,68.37370920181274
lambda_b,1.2,47,0.8160000000000001,0.19,18.0,22.0,0.85,1433.0487526848556,2834.2993445624106,1407.7964331668215,100.0,100.0,132.90694483175812,17.037440858571095,0.0,69.36595296859741
lambda_b,1.2,48,0.8160000000000001,0.19,18.0,22.0,0.85,1406.2051904422326,2581.9847877694674,1381.456731163997,100.0,100.0,130.2550488328202,14.99686599143148,0.0,68.22464561462402
lambda_b,1.2,49,0.8160000000000001,0.19,18.0,22.0,0.85,1481.8439527025555,2789.6902647145844,1328.4611321907307,100.0,100.0,807.2780026938157,17.067718113014905,0.0,67.0540680885315
lambda_b,1.2,50,0.8160000000000001,0.19,18.0,22.0,0.85,1312.2977480417728,1788.9309672663524,1267.818987441762,100.0,100.0,234.0987400000566,7.154831107524673,0.0,64.98090648651123
lambda_b,1.2,51,0.8160000000000001,0.19,18.0,22.0,0.85,1504.8636477425327,2592.26954992433,1381.4369995530096,100.0,100.0,649.6139378395949,13.96679247509046,0.0,67.94245314598083
lambda_b,1.2,52,0.8160000000000001,0.19,18.0,22.0,0.85,1511.8800735932678,2847.346054754698,1472.3322096260504,100.0,100.0,208.1466524590393,16.451638797706238,0.0,67.52893233299255
lambda_b,1.2,53,0.8160000000000001,0.19,18.0,22.0,0.85,1335.343105366975,2468.738158656134,1277.652739778649,100.0,100.0,303.6335030964513,15.85311082314286,0.0,68.4716808795929
lambda_b,1.2,54,0.8160000000000001,0.19,18.0,22.0,0.85,1324.727338931538,2559.195865562863,1261.3067839359187,100.0,100.0,333.7923947137861,16.895227805645842,0.0,68.6069073677063
lambda_b,1.2,55,0.8160000000000001,0.19,18.0,22.0,0.85,1366.1760950328255,2654.8616014202767,1306.110096865862,100.0,100.0,316.13683245770414,17.813616464393302,0.0,66.61392664909363
lambda_b,1.2,56,0.8160000000000001,0.19,18.0,22.0,0.85,1591.038405305523,3022.179510310737,1435.2722864662028,100.0,100.0,819.8216781016846,17.323272313138645,0.0,69.54054093360901
lambda_b,1.2,57,0.8160000000000001,0.19,18.0,22.0,0.85,1339.678227053048,2334.138881380633,1275.7669137269086,100.0,100.0,336.3753332954701,14.019365546517754,0.0,68.48009490966797
lambda_b,1.2,58,0.8160000000000001,0.19,18.0,22.0,0.85,1402.1471901480309,2609.633542479894,1316.7354292206508,100.0,100.0,449.5355838283165,16.127305846512584,0.0,67.96876645088196
lambda_b,1.2,59,0.8160000000000001,0.19,18.0,22.0,0.85,1348.4709970956822,2234.191466402151,1280.6932206034564,100.0,100.0,356.7251394327672,12.41848297118588,0.0,68.17037200927734
lambda_b,1.2,60,0.8160000000000001,0.19,18.0,22.0,0.85,1415.1269058722803,2450.7650507048083,1327.9694687087076,100.0,100.0,458.723353492489,13.818211548159343,0.0,67.2232129573822
lambda_b,1.2,61,0.8160000000000001,0.19,18.0,22.0,0.85,1439.9760200123665,2439.408400612393,1340.9233742621095,100.0,100.0,521.3297144750356,13.34207196515016,0.0,68.67339658737183
lambda_c,0.8,42,0.68,0.19,14.4,17.6,0.85,1420.1363620705492,2761.635934106,1313.4566755112864,100.0,100.0,561.4720345224358,17.593740921733524,0.0,68.02221274375916
lambda_c,0.8,43,0.68,0.19,14.4,17.6,0.85,1462.0281963651385,2519.611410815943,1380.4718046347905,100.0,100.0,429.2441670018324,14.157797674573832,0.0,68.54599523544312
lambda_c,0.8,44,0.68,0.19,14.4,17.6,0.85,1380.6250626393128,1879.85521882362,1298.1909473550345,100.0,100.0,433.8637646540964,7.671167292786395,0.0,69.32077431678772
lambda_c,0.8,45,0.68,0.19,14.4,17.6,0.85,1451.918036792663,2466.4410070843624,1347.9778775341083,100.0,100.0,547.0534697818656,13.867821907104958,0.0,69.75285291671753
lambda_c,0.8,46,0.68,0.19,14.4,17.6,0.85,1347.6788328643768,1865.6405003338489,1281.749951234583,100.0,100.0,346.9941138410192,7.728562279780821,0.0,67.42436146736145
lambda_c,0.8,47,0.68,0.19,14.4,17.6,0.85,1433.0487526848556,2799.93826215562,1407.7964331668215,100.0,100.0,132.90694483175812,17.037440858571095,0.0,69.51050639152527
lambda_c,0.8,48,0.68,0.19,14.4,17.6,0.85,1406.2051904422326,2556.0854981225307,1381.456731163997,100.0,100.0,130.2550488328202,14.99686599143148,0.0,68.78444075584412
lambda_c,0.8,49,0.68,0.19,14.4,17.6,0.85,1481.8439527025555,2765.887856901085,1328.4611321907307,100.0,100.0,807.2780026938157,17.067718113014905,0.0,67.11373567581177
lambda_c,0.8,50,0.68,0.19,14.4,17.6,0.85,1312.2977480417728,1766.5974940373528,1267.818987441762,100.0,100.0,234.0987400000566,7.154831107524673,0.0,64.86764192581177
lambda_c,0.8,51,0.68,0.19,14.4,17.6,0.85,1504.8636477425327,2567.9018590094224,1381.4369995530096,100.0,100.0,649.6139378395949,13.96679247509046,0.0,67.60349035263062
lambda_c,0.8,52,0.68,0.19,14.4,17.6,0.85,1511.8800735932678,2822.3642133735016,1472.3322096260504,100.0,100.0,208.1466524590393,16.451638797706238,0.0,67.7051727771759
lambda_c,0.8,53,0.68,0.19,14.4,17.6,0.85,1335.343105366975,2444.494326745636,1277.652739778649,100.0,100.0,303.6335030964513,15.85311082314286,0.0,69.12505793571472
lambda_c,0.8,54,0.68,0.19,14.4,17.6,0.85,1324.727338931538,2533.657375830961,1261.3067839359187,100.0,100.0,333.7923947137861,16.895227805645842,0.0,68.0337426662445
lambda_c,0.8,55,0.68,0.19,14.4,17.6,0.85,1366.1760950328255,2631.7569135539343,1306.110096865862,100.0,100.0,316.13683245770414,17.813616464393302,0.0,66.65651941299438
lambda_c,0.8,56,0.68,0.19,14.4,17.6,0.85,1591.038405305523,2996.63606828449,1435.2722864662028,100.0,100.0,819.8216781016846,17.323272313138645,0.0,69.23560166358948
lambda_c,0.8,57,0.68,0.19,14.4,17.6,0.85,1339.678227053048,2309.8852507604133,1275.7669137269086,100.0,100.0,336.3753332954701,14.019365546517754,0.0,68.67733669281006
lambda_c,0.8,58,0.68,0.19,14.4,17.6,0.85,1402.1471901480309,2584.763351058875,1316.7354292206508,100.0,100.0,449.5355838283165,16.127305846512584,0.0,68.52597880363464
lambda_c,0.8,59,0.68,0.19,14.4,17.6,0.85,1348.4709970956822,2210.938448010149,1280.6932206034564,100.0,100.0,356.7251394327672,12.41848297118588,0.0,67.93368220329285
lambda_c,0.8,60,0.68,0.19,14.4,17.6,0.85,1415.1269058722803,2426.750503765461,1327.9694687087076,100.0,100.0,458.723353492489,13.818211548159343,0.0,67.78802537918091
lambda_c,0.8,61,0.68,0.19,14.4,17.6,0.85,1439.9760200123665,2415.7754254300157,1340.9233742621095,100.0,100.0,521.3297144750356,13.34207196515016,0.0,69.03645324707031
lambda_c,0.9,42,0.68,0.19,16.2,19.8,0.85,1420.1363620705492,2761.635934106,1313.4566755112864,100.0,100.0,561.4720345224358,17.593740921733524,0.0,68.33671712875366
lambda_c,0.9,43,0.68,0.19,16.2,19.8,0.85,1462.0281963651385,2519.611410815943,1380.4718046347905,100.0,100.0,429.2441670018324,14.157797674573832,0.0,68.37837290763855
lambda_c,0.9,44,0.68,0.19,16.2,19.8,0.85,1380.6250626393128,1879.85521882362,1298.1909473550345,100.0,100.0,433.8637646540964,7.671167292786395,0.0,69.38510704040527
lambda_c,0.9,45,0.68,0.19,16.2,19.8,0.85,1451.918036792663,2466.4410070843624,1347.9778775341083,100.0,100.0,547.0534697818656,13.867821907104958,0.0,69.70338177680969
lambda_c,0.9,46,0.68,0.19,16.2,19.8,0.85,1347.6788328643768,1865.6405003338489,1281.749951234583,100.0,100.0,346.9941138410192,7.728562279780821,0.0,67.58739924430847
lambda_c,0.9,47,0.68,0.19,16.2,19.8,0.85,1433.0487526848556,2799.93826215562,1407.7964331668215,100.0,100.0,132.90694483175812,17.037440858571095,0.0,68.98964953422546
lambda_c,0.9,48,0.68,0.19,16.2,19.8,0.85,1406.2051904422326,2556.0854981225307,1381.456731163997,100.0,100.0,130.2550488328202,14.99686599143148,0.0,68.6899025440216
lambda_c,0.9,49,0.68,0.19,16.2,19.8,0.85,1481.8439527025555,2765.887856901085,1328.4611321907307,100.0,100.0,807.2780026938157,17.067718113014905,0.0,67.5393180847168
lambda_c,0.9,50,0.68,0.19,16.2,19.8,0.85,1312.2977480417728,1766.5974940373528,1267.818987441762,100.0,100.0,234.0987400000566,7.154831107524673,0.0,65.2390034198761
lambda_c,0.9,51,0.68,0.19,16.2,19.8,0.85,1504.8636477425327,2567.9018590094224,1381.4369995530096,100.0,100.0,649.6139378395949,13.96679247509046,0.0,68.1474597454071
lambda_c,0.9,52,0.68,0.19,16.2,19.8,0.85,1511.8800735932678,2822.3642133735016,1472.3322096260504,100.0,100.0,208.1466524590393,16.451638797706238,0.0,67.44385695457458
lambda_c,0.9,53,0.68,0.19,16.2,19.8,0.85,1335.343105366975,2444.494326745636,1277.652739778649,100.0,100.0,303.6335030964513,15.85311082314286,0.0,69.57312774658203
lambda_c,0.9,54,0.68,0.19,16.2,19.8,0.85,1324.727338931538,2533.657375830961,1261.3067839359187,100.0,100.0,333.7923947137861,16.895227805645842,0.0,68.94889855384827
lambda_c,0.9,55,0.68,0.19,16.2,19.8,0.85,1366.1760950328255,2631.7569135539343,1306.110096865862,100.0,100.0,316.13683245770414,17.813616464393302,0.0,66.51169395446777
lambda_c,0.9,56,0.68,0.19,16.2,19.8,0.85,1591.038405305523,2996.63606828449,1435.2722864662028,100.0,100.0,819.8216781016846,17.323272313138645,0.0,69.26102828979492
lambda_c,0.9,57,0.68,0.19,16.2,19.8,0.85,1339.678227053048,2309.8852507604133,1275.7669137269086,100.0,100.0,336.3753332954701,14.019365546517754,0.0,68.0544261932373
lambda_c,0.9,58,0.68,0.19,16.2,19.8,0.85,1402.1471901480309,2584.763351058875,1316.7354292206508,100.0,100.0,449.5355838283165,16.127305846512584,0.0,67.89389705657959
lambda_c,0.9,59,0.68,0.19,16.2,19.8,0.85,1348.4709970956822,2210.938448010149,1280.6932206034564,100.0,100.0,356.7251394327672,12.41848297118588,0.0,68.33761835098267
lambda_c,0.9,60,0.68,0.19,16.2,19.8,0.85,1415.1269058722803,2426.750503765461,1327.9694687087076,100.0,100.0,458.723353492489,13.818211548159343,0.0,67.8352861404419
lambda_c,0.9,61,0.68,0.19,16.2,19.8,0.85,1439.9760200123665,2415.7754254300157,1340.9233742621095,100.0,100.0,521.3297144750356,13.34207196515016,0.0,68.93209171295166
lambda_c,1.0,42,0.68,0.19,18.0,22.0,0.85,1420.1363620705492,2761.635934106,1313.4566755112864,100.0,100.0,561.4720345224358,17.593740921733524,0.0,67.62374210357666
lambda_c,1.0,43,0.68,0.19,18.0,22.0,0.85,1462.0281963651385,2519.611410815943,1380.4718046347905,100.0,100.0,429.2441670018324,14.157797674573832,0.0,68.20814347267151
lambda_c,1.0,44,0.68,0.19,18.0,22.0,0.85,1380.6250626393128,1879.85521882362,1298.1909473550345,100.0,100.0,433.8637646540964,7.671167292786395,0.0,69.35264587402344
lambda_c,1.0,45,0.68,0.19,18.0,22.0,0.85,1451.918036792663,2466.4410070843624,1347.9778775341083,100.0,100.0,547.0534697818656,13.867821907104958,0.0,70.20070433616638
lambda_c,1.0,46,0.68,0.19,18.0,22.0,0.85,1347.6788328643768,1865.6405003338489,1281.749951234583,100.0,100.0,346.9941138410192,7.728562279780821,0.0,67.42177987098694
lambda_c,1.0,47,0.68,0.19,18.0,22.0,0.85,1433.0487526848556,2799.93826215562,1407.7964331668215,100.0,100.0,132.90694483175812,17.037440858571095,0.0,69.42639684677124
lambda_c,1.0,48,0.68,0.19,18.0,22.0,0.85,1406.2051904422326,2556.0854981225307,1381.456731163997,100.0,100.0,130.2550488328202,14.99686599143148,0.0,68.45724034309387
lambda_c,1.0,49,0.68,0.19,18.0,22.0,0.85,1481.8439527025555,2765.887856901085,1328.4611321907307,100.0,100.0,807.2780026938157,17.067718113014905,0.0,68.00936651229858
lambda_c,1.0,50,0.68,0.19,18.0,22.0,0.85,1312.2977480417728,1766.5974940373528,1267.818987441762,100.0,100.0,234.0987400000566,7.154831107524673,0.0,65.33491158485413
lambda_c,1.0,51,0.68,0.19,18.0,22.0,0.85,1504.8636477425327,2567.9018590094224,1381.4369995530096,100.0,100.0,649.6139378395949,13.96679247509046,0.0,67.66886401176453
lambda_c,1.0,52,0.68,0.19,18.0,22.0,0.85,1511.8800735932678,2822.3642133735016,1472.3322096260504,100.0,100.0,208.1466524590393,16.451638797706238,0.0,67.78855609893799
lambda_c,1.0,53,0.68,0.19,18.0,22.0,0.85,1335.343105366975,2444.494326745636,1277.652739778649,100.0,100.0,303.6335030964513,15.85311082314286,0.0,69.21539306640625
lambda_c,1.0,54,0.68,0.19,18.0,22.0,0.85,1324.727338931538,2533.657375830961,1261.3067839359187,100.0,100.0,333.7923947137861,16.895227805645842,0.0,68.2898473739624
lambda_c,1.0,55,0.68,0.19,18.0,22.0,0.85,1366.1760950328255,2631.7569135539343,1306.110096865862,100.0,100.0,316.13683245770414,17.813616464393302,0.0,66.9957766532898
lambda_c,1.0,56,0.68,0.19,18.0,22.0,0.85,1591.038405305523,2996.63606828449,1435.2722864662028,100.0,100.0,819.8216781016846,17.323272313138645,0.0,69.62223720550537
lambda_c,1.0,57,0.68,0.19,18.0,22.0,0.85,1339.678227053048,2309.8852507604133,1275.7669137269086,100.0,100.0,336.3753332954701,14.019365546517754,0.0,68.80516028404236
lambda_c,1.0,58,0.68,0.19,18.0,22.0,0.85,1402.1471901480309,2584.763351058875,1316.7354292206508,100.0,100.0,449.5355838283165,16.127305846512584,0.0,68.087073802948
lambda_c,1.0,59,0.68,0.19,18.0,22.0,0.85,1348.4709970956822,2210.938448010149,1280.6932206034564,100.0,100.0,356.7251394327672,12.41848297118588,0.0,68.82328939437866
lambda_c,1.0,60,0.68,0.19,18.0,22.0,0.85,1415.1269058722803,2426.750503765461,1327.9694687087076,100.0,100.0,458.723353492489,13.818211548159343,0.0,68.9174702167511
lambda_c,1.0,61,0.68,0.19,18.0,22.0,0.85,1439.9760200123665,2415.7754254300157,1340.9233742621095,100.0,100.0,521.3297144750356,13.34207196515016,0.0,69.26935386657715
lambda_c,1.1,42,0.68,0.19,19.8,24.200000000000003,0.85,1420.1363620705492,2761.635934106,1313.4566755112864,100.0,100.0,561.4720345224358,17.593740921733524,0.0,67.93322014808655
lambda_c,1.1,43,0.68,0.19,19.8,24.200000000000003,0.85,1462.0281963651385,2519.611410815943,1380.4718046347905,100.0,100.0,429.2441670018324,14.157797674573832,0.0,67.88067603111267
lambda_c,1.1,44,0.68,0.19,19.8,24.200000000000003,0.85,1380.6250626393128,1879.85521882362,1298.1909473550345,100.0,100.0,433.8637646540964,7.671167292786395,0.0,69.36364364624023
lambda_c,1.1,45,0.68,0.19,19.8,24.200000000000003,0.85,1451.918036792663,2466.4410070843624,1347.9778775341083,100.0,100.0,547.0534697818656,13.867821907104958,0.0,70.26986360549927
lambda_c,1.1,46,0.68,0.19,19.8,24.200000000000003,0.85,1347.6788328643768,1865.6405003338489,1281.749951234583,100.0,100.0,346.9941138410192,7.728562279780821,0.0,67.37978434562683
lambda_c,1.1,47,0.68,0.19,19.8,24.200000000000003,0.85,1433.0487526848556,2799.93826215562,1407.7964331668215,100.0,100.0,132.90694483175812,17.037440858571095,0.0,68.44967794418335
lambda_c,1.1,48,0.68,0.19,19.8,24.200000000000003,0.85,1406.2051904422326,2556.0854981225307,1381.456731163997,100.0,100.0,130.2550488328202,14.99686599143148,0.0,68.03926539421082
lambda_c,1.1,49,0.68,0.19,19.8,24.200000000000003,0.85,1481.8439527025555,2765.887856901085,1328.4611321907307,100.0,100.0,807.2780026938157,17.067718113014905,0.0,67.23559093475342
lambda_c,1.1,50,0.68,0.19,19.8,24.200000000000003,0.85,1312.2977480417728,1766.5974940373528,1267.818987441762,100.0,100.0,234.0987400000566,7.154831107524673,0.0,65.3831422328949
lambda_c,1.1,51,0.68,0.19,19.8,24.200000000000003,0.85,1504.8636477425327,2567.9018590094224,1381.4369995530096,100.0,100.0,649.6139378395949,13.96679247509046,0.0,68.30762004852295
lambda_c,1.1,52,0.68,0.19,19.8,24.200000000000003,0.85,1511.8800735932678,2822.3642133735016,1472.3322096260504,100.0,100.0,208.1466524590393,16.451638797706238,0.0,67.82196235656738
lambda_c,1.1,53,0.68,0.19,19.8,24.200000000000003,0.85,1335.343105366975,2444.494326745636,1277.652739778649,100.0,100.0,303.6335030964513,15.85311082314286,0.0,69.30136203765869
lambda_c,1.1,54,0.68,0.19,19.8,24.200000000000003,0.85,1324.727338931538,2533.657375830961,1261.3067839359187,100.0,100.0,333.7923947137861,16.895227805645842,0.0,68.10997295379639
lambda_c,1.1,55,0.68,0.19,19.8,24.200000000000003,0.85,1366.1760950328255,2631.7569135539343,1306.110096865862,100.0,100.0,316.13683245770414,17.813616464393302,0.0,66.6276445388794
lambda_c,1.1,56,0.68,0.19,19.8,24.200000000000003,0.85,1591.038405305523,2996.63606828449,1435.2722864662028,100.0,100.0,819.8216781016846,17.323272313138645,0.0,69.95948195457458
lambda_c,1.1,57,0.68,0.19,19.8,24.200000000000003,0.85,1339.678227053048,2309.8852507604133,1275.7669137269086,100.0,100.0,336.3753332954701,14.019365546517754,0.0,68.465247631073
lambda_c,1.1,58,0.68,0.19,19.8,24.200000000000003,0.85,1402.1471901480309,2584.763351058875,1316.7354292206508,100.0,100.0,449.5355838283165,16.127305846512584,0.0,67.89322209358215
lambda_c,1.1,59,0.68,0.19,19.8,24.200000000000003,0.85,1348.4709970956822,2210.938448010149,1280.6932206034564,100.0,100.0,356.7251394327672,12.41848297118588,0.0,67.34234189987183
lambda_c,1.1,60,0.68,0.19,19.8,24.200000000000003,0.85,1415.1269058722803,2426.750503765461,1327.9694687087076,100.0,100.0,458.723353492489,13.818211548159343,0.0,67.40367579460144
lambda_c,1.1,61,0.68,0.19,19.8,24.200000000000003,0.85,1439.9760200123665,2415.7754254300157,1340.9233742621095,100.0,100.0,521.3297144750356,13.34207196515016,0.0,69.41832852363586
lambda_c,1.2,42,0.68,0.19,21.6,26.4,0.85,1420.1363620705492,2761.635934106,1313.4566755112864,100.0,100.0,561.4720345224358,17.593740921733524,0.0,67.97463369369507
lambda_c,1.2,43,0.68,0.19,21.6,26.4,0.85,1462.0281963651385,2519.611410815943,1380.4718046347905,100.0,100.0,429.2441670018324,14.157797674573832,0.0,67.9582929611206
lambda_c,1.2,44,0.68,0.19,21.6,26.4,0.85,1380.6250626393128,1879.85521882362,1298.1909473550345,100.0,100.0,433.8637646540964,7.671167292786395,0.0,68.77671456336975
lambda_c,1.2,45,0.68,0.19,21.6,26.4,0.85,1451.918036792663,2466.4410070843624,1347.9778775341083,100.0,100.0,547.0534697818656,13.867821907104958,0.0,69.51455998420715
lambda_c,1.2,46,0.68,0.19,21.6,26.4,0.85,1347.6788328643768,1865.6405003338489,1281.749951234583,100.0,100.0,346.9941138410192,7.728562279780821,0.0,67.75777530670166
lambda_c,1.2,47,0.68,0.19,21.6,26.4,0.85,1433.0487526848556,2799.93826215562,1407.7964331668215,100.0,100.0,132.90694483175812,17.037440858571095,0.0,69.54994416236877
lambda_c,1.2,48,0.68,0.19,21.6,26.4,0.85,1406.2051904422326,2556.0854981225307,1381.456731163997,100.0,100.0,130.2550488328202,14.99686599143148,0.0,67.54809498786926
lambda_c,1.2,49,0.68,0.19,21.6,26.4,0.85,1481.8439527025555,2765.887856901085,1328.4611321907307,100.0,100.0,807.2780026938157,17.067718113014905,0.0,67.30988097190857
lambda_c,1.2,50,0.68,0.19,21.6,26.4,0.85,1312.2977480417728,1766.5974940373528,1267.818987441762,100.0,100.0,234.0987400000566,7.154831107524673,0.0,64.7590696811676
lambda_c,1.2,51,0.68,0.19,21.6,26.4,0.85,1504.8636477425327,2567.9018590094224,1381.4369995530096,100.0,100.0,649.6139378395949,13.96679247509046,0.0,68.27621126174927
lambda_c,1.2,52,0.68,0.19,21.6,26.4,0.85,1511.8800735932678,2822.3642133735016,1472.3322096260504,100.0,100.0,208.1466524590393,16.451638797706238,0.0,67.85250926017761
lambda_c,1.2,53,0.68,0.19,21.6,26.4,0.85,1335.343105366975,2444.494326745636,1277.652739778649,100.0,100.0,303.6335030964513,15.85311082314286,0.0,69.15214014053345
lambda_c,1.2,54,0.68,0.19,21.6,26.4,0.85,1324.727338931538,2533.657375830961,1261.3067839359187,100.0,100.0,333.7923947137861,16.895227805645842,0.0,67.83266878128052
lambda_c,1.2,55,0.68,0.19,21.6,26.4,0.85,1366.1760950328255,2631.7569135539343,1306.110096865862,100.0,100.0,316.13683245770414,17.813616464393302,0.0,66.767094373703
lambda_c,1.2,56,0.68,0.19,21.6,26.4,0.85,1591.038405305523,2996.63606828449,1435.2722864662028,100.0,100.0,819.8216781016846,17.323272313138645,0.0,69.5043249130249
lambda_c,1.2,57,0.68,0.19,21.6,26.4,0.85,1339.678227053048,2309.8852507604133,1275.7669137269086,100.0,100.0,336.3753332954701,14.019365546517754,0.0,68.6767029762268
lambda_c,1.2,58,0.68,0.19,21.6,26.4,0.85,1402.1471901480309,2584.763351058875,1316.7354292206508,100.0,100.0,449.5355838283165,16.127305846512584,0.0,68.22100067138672
lambda_c,1.2,59,0.68,0.19,21.6,26.4,0.85,1348.4709970956822,2210.938448010149,1280.6932206034564,100.0,100.0,356.7251394327672,12.41848297118588,0.0,68.13442993164062
lambda_c,1.2,60,0.68,0.19,21.6,26.4,0.85,1415.1269058722803,2426.750503765461,1327.9694687087076,100.0,100.0,458.723353492489,13.818211548159343,0.0,67.60460352897644
lambda_c,1.2,61,0.68,0.19,21.6,26.4,0.85,1439.9760200123665,2415.7754254300157,1340.9233742621095,100.0,100.0,521.3297144750356,13.34207196515016,0.0,69.04304552078247
